57,0.6999, ,-0.4597, ,-0.5466, ,0.595344,-0.929824,-0.825868,0.953761,1.13446,-0.605212,0.517533,
 ,0.4675, ,-0.2838, ,0.8372, ,0.427321,
 ,-0.54, ,-0.8415, ,0.0163, ,0.989844,
 ,0, ,0, ,0, ,1,
89,0.7069, ,0.4849, ,-0.515, ,0.269924,-0.788081,-0.0666615,0.236971,0.781702,0.333789,1.41496,
 ,0.1258, ,0.6303, ,0.7661, ,0.381169,
 ,0.6961, ,-0.6063, ,0.3845, ,1.22933,
 ,0, ,0, ,0, ,1,
121,0.3895, ,0.2359, ,-0.8903, ,0.158992,-0.433119,-0.0758193,0.0334957,0.323068,0.497082,1.30393,
 ,-0.071, ,0.9715, ,0.2263, ,0.556757,
 ,0.9183, ,-0.025, ,0.3951, ,1.00438,
 ,0, ,0, ,0, ,1,
313,0.3255, ,-0.6484, ,-0.6882, ,0.507968,-0.903657,-0.851975,1.0346,1.09331,-0.680678,0.0367642,
 ,0.6182, ,-0.4048, ,0.6738, ,0.355857,
 ,-0.7155, ,-0.6447, ,0.2691, ,1.01704,
 ,0, ,0, ,0, ,1,
473,0.9212, ,0.0632, ,-0.3839, ,0.57876,-0.871167,-0.75981,0.699738,1.13446,-0.124458,0.980423,
 ,0.3685, ,0.1745, ,0.9131, ,0.386825,
 ,0.1247, ,-0.9826, ,0.1375, ,0.977906,
 ,0, ,0, ,0, ,1,
577,0.2325, ,0.5009, ,-0.8337, ,-0.172637,0.824029,0.37978,-0.698132,-0.610865,1.07088,0.402778,
 ,-0.7308, ,-0.4757, ,-0.4896, ,-0.041901,
 ,-0.6418, ,0.7231, ,0.2555, ,0.691643,
 ,0, ,0, ,0, ,1,
593,0.5429, ,0.6541, ,-0.5266, ,0.118838,-0.328264,-0.259618,-0.0371715,1.13446,0.329488,1.24767,
 ,-0.153, ,0.6936, ,0.7039, ,0.551079,
 ,0.8257, ,-0.3016, ,0.4767, ,1.06753,
 ,0, ,0, ,0, ,1,
669,0.9871, ,0.1448, ,-0.0679, ,0.410284,-0.861781,-1.26081,-0.536406,-0.550725,-0.680678,-0.646843,
 ,0.0874, ,-0.8441, ,-0.529, ,-0.024847,
 ,-0.1339, ,0.5163, ,-0.8459, ,0.05369,
 ,0, ,0, ,0, ,1,
769,0.6919, ,-0.4172, ,-0.5892, ,0.621571,-1.00465,-1.22552,1.22173,1.13446,-0.606526,0.582933,
 ,0.4858, ,-0.3347, ,0.8075, ,0.323464,
 ,-0.5341, ,-0.8449, ,-0.0289, ,0.810964,
 ,0, ,0, ,0, ,1,
981,0.2722, ,0.1263, ,-0.9539, ,-0.095234,0.437317,0.0277159,-0.698132,0.94714,-0.609577,1.20786,
 ,0.1702, ,0.9694, ,0.1769, ,0.455272,
 ,0.9471, ,-0.2105, ,0.2424, ,0.818469,
 ,0, ,0, ,0, ,1,
1001,0.0431, ,0.2294, ,-0.9724, ,0.325225,-0.510737,0.102037,-0.39483,0.389289,-0.346731,1.64134,
 ,0.726, ,0.6614, ,0.1882, ,0.332785,
 ,0.6863, ,-0.7141, ,-0.1381, ,0.771006,
 ,0, ,0, ,0, ,1,
1033,0.8066, ,0.0375, ,-0.5899, ,0.66268,-1.18573,-0.519053,1.22173,0.125504,0.189928,1.29415,
 ,0.5241, ,0.4161, ,0.7431, ,0.308303,
 ,0.2733, ,-0.9085, ,0.316, ,1.28739,
 ,0, ,0, ,0, ,1,
1077,0.9841, ,0.1348, ,-0.1157, ,0.419973,-0.968582,-1.54272,-0.247609,-0.37505,-0.680678,-0.855124,
 ,0.0346, ,-0.7843, ,-0.6194, ,0.094904,
 ,-0.1742, ,0.6056, ,-0.7765, ,-0.273554,
 ,0, ,0, ,0, ,1,
1085,0.1217, ,-0.7102, ,-0.6934, ,0.018584,-0.645361,-1.5708,-0.698132,-0.305583,1.04378,-0.371753,
 ,-0.9067, ,0.2047, ,-0.3688, ,0.177597,
 ,0.4039, ,0.6736, ,-0.619, ,0.084552,
 ,0, ,0, ,0, ,1,
1169,0.6934, ,-0.2611, ,-0.6716, ,0.726905,-0.960863,-0.76095,1.03788,0.73505,-0.592637,0.804908,
 ,0.666, ,-0.1234, ,0.7357, ,0.348913,
 ,-0.2749, ,-0.9574, ,0.0883, ,1.12737,
 ,0, ,0, ,0, ,1,
1257,0.4462, ,0.5308, ,-0.7205, ,0.387255,-0.402618,-1.27699,0.961325,1.13446,-0.680678,1.41769,
 ,0.8006, ,0.1231, ,0.5864, ,0.819837,
 ,0.4, ,-0.8385, ,-0.37, ,0.608138,
 ,0, ,0, ,0, ,1,
1437,0.5147, ,0.6641, ,-0.5423, ,0.294794,-0.348083,-0.92,0.975596,0.851647,0.0767738,1.30928,
 ,0.0489, ,0.6087, ,0.7919, ,0.862532,
 ,0.856, ,-0.4341, ,0.2809, ,0.981654,
 ,0, ,0, ,0, ,1,
1613,0.7492, ,-0.1014, ,-0.6546, ,0.170943,-0.0877456,-0.391468,0.400457,0.567182,-0.475264,0.525246,
 ,0.5292, ,0.686, ,0.4994, ,0.698814,
 ,0.3984, ,-0.7205, ,0.5676, ,1.05941,
 ,0, ,0, ,0, ,1,
1977,0.7049, ,-0.2372, ,-0.6685, ,0.636953,-0.894757,-0.782737,0.681066,1.1249,-0.520225,0.755956,
 ,0.6662, ,-0.1023, ,0.7388, ,0.389919,
 ,-0.2436, ,-0.9661, ,0.0859, ,0.996831,
 ,0, ,0, ,0, ,1,
2157,-0.0406, ,-0.1219, ,-0.9917, ,0.346984,-0.802521,0.206886,-0.176637,-0.119129,-0.626374,1.55802,
 ,0.9796, ,0.1906, ,-0.0635, ,0.143497,
 ,0.1968, ,-0.9741, ,0.1117, ,0.955789,
 ,0, ,0, ,0, ,1,
2389,0.0341, ,0.7916, ,-0.6101, ,0.300515,-0.355954,-1.4213,1.20669,1.13085,0.465977,1.72258,
 ,-0.3033, ,0.5899, ,0.7484, ,1.03842,
 ,0.9523, ,0.1596, ,0.2602, ,0.704087,
 ,0, ,0, ,0, ,1,
2477,0.642, ,0.1303, ,-0.7555, ,0.493974,-0.776002,-0.295351,-0.0304706,1.08291,-0.495091,1.11035,
 ,0.7268, ,0.2102, ,0.6539, ,0.299228,
 ,0.244, ,-0.9689, ,0.0403, ,0.97225,
 ,0, ,0, ,0, ,1,
2493,0.6551, ,0.4682, ,-0.5929, ,0.307035,-0.788836,-0.260953,0.77658,0.280513,0.795901,1.38472,
 ,-0.1562, ,0.8518, ,0.5, ,0.497914,
 ,0.7392, ,-0.235, ,0.6312, ,1.32318,
 ,0, ,0, ,0, ,1,
2557,0.0343, ,-0.8953, ,-0.4441, ,0.192102,-0.270496,-0.671847,1.22173,1.13446,-0.680678,-1.13637,
 ,0.613, ,-0.3321, ,0.7169, ,0.510008,
 ,-0.7893, ,-0.2968, ,0.5374, ,1.13304,
 ,0, ,0, ,0, ,1,
2877,0.4508, ,0.5769, ,-0.6812, ,0.461978,-0.520574,-0.885929,0.824273,0.903033,-0.230301,1.46578,
 ,0.5235, ,0.4472, ,0.7252, ,0.717716,
 ,0.723, ,-0.6835, ,-0.1003, ,0.956011,
 ,0, ,0, ,0, ,1,
2977,-0.6725, ,-0.4493, ,-0.5882, ,0.756372,-1.5708,-1.11062,-0.166651,0.152028,0.432232,0.976047,
 ,0.3571, ,0.4991, ,-0.7896, ,-0.02835,
 ,0.6483, ,-0.741, ,-0.1752, ,0.139748,
 ,0, ,0, ,0, ,1,
3141,0.3294, ,0.2375, ,-0.9138, ,0.271386,-1.14419,0.161361,0.148195,0.189681,1.06861,1.74052,
 ,0.0871, ,0.9561, ,0.2799, ,0.217837,
 ,0.9402, ,-0.1718, ,0.2943, ,1.15411,
 ,0, ,0, ,0, ,1,
3253,0.8123, ,-0.0167, ,-0.583, ,0.254429,-0.998877,-0.0741283,0.854309,-0.180701,0.486678,1.04825,
 ,0.3517, ,0.8114, ,0.4668, ,0.37356,
 ,0.4653, ,-0.5842, ,0.665, ,1.31604,
 ,0, ,0, ,0, ,1,
3357,0.6599, ,0.0736, ,-0.7477, ,0.650039,-0.852379,-0.732916,0.594024,0.786113,-0.0468801,1.18637,
 ,0.6299, ,0.4883, ,0.604, ,0.540286,
 ,0.4096, ,-0.8696, ,0.2758, ,0.969654,
 ,0, ,0, ,0, ,1,
3401,0.8419, ,0.4811, ,-0.2446, ,0.399579,-0.752377,-0.590807,0.660899,1.13446,0.22715,1.26008,
 ,0.0775, ,0.3409, ,0.9369, ,0.49093,
 ,0.5341, ,-0.8077, ,0.2497, ,1.17131,
 ,0, ,0, ,0, ,1,
3429,0.9918, ,-0.0008, ,-0.1274, ,0.766611,-1.13246,-1.01593,1.2184,1.03046,0.175112,1.01146,
 ,0.1243, ,0.2273, ,0.9659, ,0.430531,
 ,0.0282, ,-0.9738, ,0.2256, ,1.08112,
 ,0, ,0, ,0, ,1,
3657,0.6526, ,-0.5988, ,-0.4642, ,0.187287,-0.244824,-0.75502,0.840972,1.13446,-0.553491,-0.211666,
 ,0.6, ,0.0343, ,0.7993, ,0.705023,
 ,-0.4627, ,-0.8002, ,0.3816, ,0.999822,
 ,0, ,0, ,0, ,1,
3789,0.2391, ,0.9077, ,-0.3447, ,0.243222,-0.350949,-1.13897,1.22173,1.13446,0.791649,1.54219,
 ,-0.5745, ,0.4185, ,0.7034, ,0.856202,
 ,0.7828, ,0.0299, ,0.6216, ,0.895024,
 ,0, ,0, ,0, ,1,
3857,0.2741, ,0.0174, ,-0.9616, ,0.498618,-0.977231,-0.218478,-0.675817,1.13446,-0.680678,1.39439,
 ,0.9501, ,-0.1596, ,0.2679, ,0.185071,
 ,-0.1488, ,-0.987, ,-0.0603, ,0.813731,
 ,0, ,0, ,0, ,1,
3885,0.0381, ,0.2517, ,-0.9671, ,0.501852,-1.56098,-0.118418,-0.698132,0.741788,-0.680678,1.74533,
 ,0.7228, ,-0.6752, ,-0.1473, ,0.011354,
 ,-0.69, ,-0.6934, ,-0.2077, ,0.654344,
 ,0, ,0, ,0, ,1,
4013,0.4877, ,0.7652, ,-0.4202, ,0.262503,-0.23217,-0.734408,0.606543,1.13446,0.0180511,1.2485,
 ,0.1202, ,0.4179, ,0.9005, ,0.680248,
 ,0.8647, ,-0.4897, ,0.1118, ,0.983557,
 ,0, ,0, ,0, ,1,
4145,0.3837, ,0.2369, ,-0.8926, ,0.05464,-0.78015,0.282177,0.442102,-0.433695,1.05172,1.32496,
 ,-0.2633, ,0.9545, ,0.1401, ,0.181772,
 ,0.8851, ,0.1812, ,0.4286, ,1.18638,
 ,0, ,0, ,0, ,1,
4209,0.5391, ,0.3891, ,-0.747, ,0.070263,-0.163851,-1.5708,-0.698132,-0.597884,-0.461388,-0.991076,
 ,0.2955, ,-0.9179, ,-0.2648, ,-0.057971,
 ,-0.7887, ,-0.078, ,-0.6098, ,0.058339,
 ,0, ,0, ,0, ,1,
4217,0.2426, ,0.2348, ,-0.9413, ,0.101824,-0.115274,0.192471,-0.147117,0.285162,-0.676447,1.28365,
 ,0.731, ,0.5936, ,0.3365, ,0.379027,
 ,0.6377, ,-0.7698, ,-0.0276, ,0.904375,
 ,0, ,0, ,0, ,1,
4277,-0.1723, ,0.0972, ,-0.9802, ,0.516749,-1.5708,0.0467768,-0.297238,0.146408,0.636941,1.73688,
 ,0.7712, ,0.6324, ,-0.0728, ,0.003615,
 ,0.6128, ,-0.7685, ,-0.1839, ,0.919012,
 ,0, ,0, ,0, ,1,
4445,0.595, ,-0.3278, ,-0.7338, ,0.450156,-0.48027,-0.651617,1.18658,0.347098,-0.680678,0.471529,
 ,0.7978, ,0.1304, ,0.5886, ,0.597859,
 ,-0.0972, ,-0.9357, ,0.3391, ,1.19186,
 ,0, ,0, ,0, ,1,
4469,0.5659, ,0.1373, ,-0.8129, ,0.445194,-0.546539,-0.665052,0.67747,0.615544,-0.397731,1.12963,
 ,0.7052, ,0.4303, ,0.5636, ,0.688981,
 ,0.4272, ,-0.8922, ,0.1467, ,1.03304,
 ,0, ,0, ,0, ,1,
4513,0.3896, ,0.1675, ,-0.9056, ,0.426508,-1.10567,-0.152185,0.534418,-0.209414,1.15192,1.29871,
 ,-0.1132, ,0.9846, ,0.1334, ,0.28367,
 ,0.914, ,0.0506, ,0.4026, ,1.15402,
 ,0, ,0, ,0, ,1,
4529,0.0735, ,0.1666, ,-0.9833, ,-0.062119,0.356468,-0.472882,-0.561074,1.13446,-0.595536,1.53136,
 ,0.3261, ,0.9277, ,0.1816, ,0.546772,
 ,0.9425, ,-0.334, ,0.0138, ,0.575804,
 ,0, ,0, ,0, ,1,
4585,0.9862, ,-0.1045, ,-0.1283, ,0.574677,-1.22781,-1.5708,0.0613463,-0.405784,-0.576609,-1.0305,
 ,-0.1651, ,-0.6739, ,-0.7202, ,0.140072,
 ,-0.0112, ,0.7314, ,-0.6818, ,-0.217572,
 ,0, ,0, ,0, ,1,
4861,-0.4143, ,0.073, ,-0.9072, ,0.384856,-1.50226,0.523599,-0.501804,-0.387716,-0.34644,1.55684,
 ,0.8819, ,-0.2141, ,-0.42, ,-0.159262,
 ,-0.2249, ,-0.9741, ,0.0243, ,0.792769,
 ,0, ,0, ,0, ,1,
4933,0.901, ,0.2079, ,-0.3807, ,0.187998,-0.395641,-0.17965,-0.0356296,1.13446,0.0569186,0.77619,
 ,0.1984, ,0.5831, ,0.7878, ,0.458593,
 ,0.3858, ,-0.7854, ,0.4841, ,1.15342,
 ,0, ,0, ,0, ,1,
4941,0.2533, ,0.7177, ,-0.6486, ,0.248152,-0.358883,-0.0498433,-0.0307377,0.925734,0.0849892,1.64343,
 ,0.1667, ,0.6281, ,0.7601, ,0.421874,
 ,0.9529, ,-0.3006, ,0.0395, ,1.04944,
 ,0, ,0, ,0, ,1,
5157,0.6203, ,-0.6447, ,-0.4468, ,0.268466,-0.319262,-0.467118,0.834671,0.895068,-0.612491,-0.264408,
 ,0.6213, ,0.0561, ,0.7816, ,0.465414,
 ,-0.4788, ,-0.7624, ,0.4353, ,1.22265,
 ,0, ,0, ,0, ,1,
5173,0.163, ,0.1531, ,-0.9747, ,0.016511,0.301688,0.373044,-0.420255,0.291178,-0.613435,1.22779,
 ,0.3435, ,0.9173, ,0.2015, ,0.379469,
 ,0.9249, ,-0.3677, ,0.097, ,0.954763,
 ,0, ,0, ,0, ,1,
5385,0.6118, ,0.3158, ,0.7252, ,1.0424,-1.44792,-1.44052,0.503331,0.290322,-0.600218,-1.74533,
 ,0.7544, ,-0.5086, ,-0.415, ,0.018527,
 ,0.2378, ,0.801, ,-0.5494, ,0.020146,
 ,0, ,0, ,0, ,1,
5437,0.3451, ,0.4645, ,-0.8155, ,0.633038,-0.899756,-0.681202,0.0151685,1.10655,-0.421266,1.74533,
 ,0.8391, ,0.2367, ,0.4899, ,0.336725,
 ,0.4206, ,-0.8533, ,-0.3081, ,0.68326,
 ,0, ,0, ,0, ,1,
5569,0.8521, ,0.2505, ,-0.4596, ,0.355462,-0.933249,-1.48129,-0.661059,-0.319223,-0.680678,-1.01892,
 ,-0.0321, ,-0.8514, ,-0.5236, ,-0.081816,
 ,-0.5225, ,0.4609, ,-0.7174, ,-0.059157,
 ,0, ,0, ,0, ,1,
5617,0.5014, ,0.3451, ,-0.7934, ,0.544369,-0.703918,-0.854008,0.489977,1.01236,-0.608911,1.49168,
 ,0.8131, ,0.1255, ,0.5684, ,0.649435,
 ,0.2957, ,-0.9301, ,-0.2177, ,0.767754,
 ,0, ,0, ,0, ,1,
5637,0.084, ,-0.9301, ,-0.3577, ,0.720687,-0.994181,-0.657099,0.748538,1.02057,-0.544666,-0.202541,
 ,0.5189, ,-0.2657, ,0.8125, ,0.366712,
 ,-0.8507, ,-0.2538, ,0.4603, ,1.14336,
 ,0, ,0, ,0, ,1,
5733,0.5781, ,0.7229, ,-0.3783, ,0.489843,-0.618958,-1.26976,1.22173,1.13446,0.100067,1.45315,
 ,0.1677, ,0.3485, ,0.9222, ,0.779853,
 ,0.7985, ,-0.5966, ,0.0802, ,0.801156,
 ,0, ,0, ,0, ,1,
5993,0.9022, ,0.0438, ,-0.4292, ,0.167973,-0.174577,-0.478402,0.116585,0.994913,-0.110216,0.546302,
 ,0.2438, ,0.769, ,0.5909, ,0.722375,
 ,0.3559, ,-0.6378, ,0.6831, ,0.972702,
 ,0, ,0, ,0, ,1,
6065,0.7248, ,0.3412, ,-0.5985, ,0.326099,-0.666653,-0.171222,-0.0930772,1.13446,-0.208917,1.19431,
 ,0.5128, ,0.313, ,0.7994, ,0.351487,
 ,0.4601, ,-0.8864, ,0.0519, ,1.10228,
 ,0, ,0, ,0, ,1,
6229,0.5014, ,-0.5061, ,-0.7017, ,0.520343,-0.627215,-0.551188,0.522038,0.995441,-0.680678,0.297374,
 ,0.7962, ,-0.0475, ,0.6032, ,0.486491,
 ,-0.3386, ,-0.8611, ,0.3792, ,1.06618,
 ,0, ,0, ,0, ,1,
6261,0.7877, ,-0.2843, ,-0.5465, ,0.745499,-0.984587,-0.813069,0.78843,1.13446,-0.479867,0.734442,
 ,0.4981, ,-0.2281, ,0.8366, ,0.351141,
 ,-0.3625, ,-0.9312, ,-0.038, ,1.02713,
 ,0, ,0, ,0, ,1,
6433,0.4509, ,0.4102, ,-0.7927, ,0.372299,-0.518502,-0.281612,0.085611,1.01855,-0.608804,1.25184,
 ,0.7726, ,0.2654, ,0.5768, ,0.361392,
 ,0.447, ,-0.8725, ,-0.1972, ,0.949717,
 ,0, ,0, ,0, ,1,
6725,-0.976, ,0.0841, ,0.201, ,0.694968,-1.5708,-1.51904,0.0827704,-0.129916,0.761392,1.74065,
 ,-0.0862, ,0.6986, ,-0.7103, ,0.048443,
 ,-0.2001, ,-0.7106, ,-0.6746, ,-0.213072,
 ,0, ,0, ,0, ,1,
6785,0.3652, ,-0.0408, ,-0.93, ,0.092687,-0.227289,0.523599,0.112057,-0.610865,0.195424,1.19657,
 ,0.0089, ,0.9991, ,-0.0404, ,0.298464,
 ,0.9309, ,0.0065, ,0.3653, ,1.08516,
 ,0, ,0, ,0, ,1,
6801,0.4846, ,0.2549, ,-0.8368, ,0.072696,-0.40834,0.323438,-0.222578,0.229333,0.397834,1.19139,
 ,-0.0042, ,0.9573, ,0.2892, ,0.365256,
 ,0.8747, ,-0.1367, ,0.465, ,1.02819,
 ,0, ,0, ,0, ,1,
6949,0.2721, ,0.2455, ,-0.9304, ,-0.121076,-0.221627,0.523599,-0.390897,-0.465168,1.13164,0.825294,
 ,-0.7679, ,0.6381, ,-0.0563, ,0.089234,
 ,0.5799, ,0.7298, ,0.3621, ,0.847786,
 ,0, ,0, ,0, ,1,
6977,0.5486, ,0.6496, ,-0.5264, ,0.75489,-0.97699,-1.39839,1.22173,1.13446,-0.262726,1.74034,
 ,0.6008, ,0.1316, ,0.7885, ,0.46724,
 ,0.5814, ,-0.7488, ,-0.3181, ,0.607924,
 ,0, ,0, ,0, ,1,
7001,0.6373, ,-0.4388, ,-0.6335, ,0.309131,-0.227539,-0.891392,0.947956,1.08195,-0.680678,0.0742128,
 ,0.7465, ,0.1473, ,0.6489, ,0.814211,
 ,-0.1914, ,-0.8864, ,0.4215, ,1.08056,
 ,0, ,0, ,0, ,1,
7021,0.8271, ,0.1242, ,-0.5482, ,0.686622,-0.891546,-0.91142,0.83819,1.13446,-0.268535,1.21318,
 ,0.5472, ,0.0448, ,0.8358, ,0.463487,
 ,0.1284, ,-0.9912, ,-0.0309, ,1.03986,
 ,0, ,0, ,0, ,1,
7145,0.96, ,-0.1669, ,-0.2247, ,0.419756,-0.563373,-0.60732,1.02255,0.591383,0.010777,0.404792,
 ,0.2789, ,0.5005, ,0.8196, ,0.541732,
 ,-0.0244, ,-0.8495, ,0.527, ,1.28107,
 ,0, ,0, ,0, ,1,
7173,0.5911, ,0.4032, ,-0.6986, ,0.251315,-0.353773,-0.917035,0.70939,0.741572,0.339281,1.11906,
 ,-0.0226, ,0.874, ,0.4853, ,0.898086,
 ,0.8063, ,-0.2711, ,0.5258, ,0.831335,
 ,0, ,0, ,0, ,1,
7357,0.7109, ,0.5197, ,-0.4738, ,0.19356,-0.22932,-1.51784,-0.535868,-0.607002,-0.680678,-0.757923,
 ,0.3998, ,-0.853, ,-0.3356, ,0.271033,
 ,-0.5785, ,0.0491, ,-0.8142, ,-0.035818,
 ,0, ,0, ,0, ,1,
7613,0.5128, ,-0.2834, ,-0.8104, ,0.603976,-0.891402,-0.435512,0.504943,0.454726,-0.373732,0.947292,
 ,0.857, ,0.2248, ,0.4637, ,0.401104,
 ,0.0508, ,-0.9323, ,0.3581, ,1.06824,
 ,0, ,0, ,0, ,1,
7729,0.3097, ,0.9246, ,-0.2217, ,0.413146,-0.534282,-0.802574,0.958947,1.13446,0.197264,1.74142,
 ,-0.0933, ,0.2616, ,0.9607, ,0.659571,
 ,0.9463, ,-0.2768, ,0.1672, ,1.07989,
 ,0, ,0, ,0, ,1,
7745,0.6398, ,-0.0313, ,-0.7679, ,-0.020252,-0.0427175,-1.47995,-0.698132,-0.589726,0.479205,-0.805773,
 ,-0.524, ,-0.7487, ,-0.4061, ,0.076555,
 ,-0.5622, ,0.6622, ,-0.4954, ,0.078849,
 ,0, ,0, ,0, ,1,
7765,0.6992, ,0.4147, ,-0.5824, ,0.153632,-0.139907,-0.975329,0.635452,1.13446,-0.197443,0.869324,
 ,0.281, ,0.5896, ,0.7572, ,0.828811,
 ,0.6574, ,-0.6931, ,0.2957, ,0.857377,
 ,0, ,0, ,0, ,1,
7773,-0.2329, ,0.3087, ,-0.9222, ,-0.07469,-0.0842507,-0.0347765,-0.698132,1.13446,0.604576,1.74533,
 ,-0.5071, ,0.7706, ,0.3861, ,0.399215,
 ,0.8298, ,0.5576, ,-0.0229, ,0.809716,
 ,0, ,0, ,0, ,1,
7933,0.8114, ,-0.112, ,-0.5737, ,0.045178,0.128438,-0.148117,-0.221369,0.983998,-0.584201,0.356775,
 ,0.4553, ,0.7366, ,0.5001, ,0.539897,
 ,0.3666, ,-0.667, ,0.6487, ,1.00148,
 ,0, ,0, ,0, ,1,
7985,0.5988, ,-0.8008, ,-0.0095, ,0.527029,-0.758164,-0.802123,0.962591,1.10081,-0.0472054,-0.236484,
 ,0.1842, ,0.1262, ,0.9748, ,0.591363,
 ,-0.7794, ,-0.5855, ,0.2231, ,1.17193,
 ,0, ,0, ,0, ,1,
8089,0.2778, ,0.5841, ,-0.7627, ,0.10639,0.0130318,-0.665108,0.217405,1.13446,-0.418282,1.31167,
 ,0.4188, ,0.6409, ,0.6433, ,0.646009,
 ,0.8645, ,-0.4981, ,-0.0666, ,0.831241,
 ,0, ,0, ,0, ,1,
8281,-0.271, ,-0.9258, ,0.2634, ,0.492918,-0.527769,-1.05581,1.22173,1.02798,-0.32546,-1.32579,
 ,0.4439, ,0.1226, ,0.8876, ,0.726197,
 ,-0.8541, ,0.3574, ,0.3777, ,1.03717,
 ,0, ,0, ,0, ,1,
8321,0.3091, ,0.44, ,-0.8431, ,0.223611,-0.757119,0.103822,-0.0113514,0.486316,0.553954,1.62214,
 ,0.116, ,0.8625, ,0.4926, ,0.377069,
 ,0.9439, ,-0.2501, ,0.2156, ,1.12213,
 ,0, ,0, ,0, ,1,
8353,0.6962, ,-0.6688, ,-0.2609, ,0.161237,-1.42986,-1.5708,-0.696684,-0.610865,-0.680678,-0.396405,
 ,-0.7148, ,-0.6796, ,-0.1651, ,-0.045479,
 ,-0.0668, ,0.3014, ,-0.9511, ,0.070186,
 ,0, ,0, ,0, ,1,
8545,0.4943, ,0.2273, ,-0.839, ,-0.06587,0.456114,0.314002,0.34527,-0.362787,-0.603991,0.8972,
 ,0.1668, ,0.9225, ,0.3481, ,0.285836,
 ,0.8531, ,-0.312, ,0.4181, ,1.00563,
 ,0, ,0, ,0, ,1,
8697,0.7805, ,-0.0991, ,-0.6173, ,0.265586,-0.238628,-0.977334,0.844114,0.734795,-0.346209,0.591573,
 ,0.5092, ,0.6736, ,0.5357, ,0.908981,
 ,0.3627, ,-0.7324, ,0.5762, ,0.867949,
 ,0, ,0, ,0, ,1,
8925,0.6147, ,0.2337, ,-0.7534, ,0.205154,-0.189269,-1.44016,1.22173,1.13446,-0.680678,0.880757,
 ,0.7135, ,0.2423, ,0.6574, ,0.93178,
 ,0.3362, ,-0.9416, ,-0.0178, ,0.631525,
 ,0, ,0, ,0, ,1,
8981,0.748, ,-0.3608, ,-0.5571, ,-0.016845,-0.416521,-1.5708,-0.698132,-0.439486,0.313369,-0.518984,
 ,-0.6247, ,-0.6663, ,-0.4072, ,0.043945,
 ,-0.2243, ,0.6526, ,-0.7238, ,-0.153377,
 ,0, ,0, ,0, ,1,
8993,0.1136, ,0.3387, ,-0.934, ,-0.133993,-0.0399594,-0.303059,-0.698132,1.13446,0.929605,1.3964,
 ,-0.777, ,0.6161, ,0.1289, ,0.490797,
 ,0.6191, ,0.7111, ,0.3331, ,0.699719,
 ,0, ,0, ,0, ,1,
9017,0.1629, ,-0.5377, ,-0.8273, ,0.676599,-1.18165,-0.309344,0.790614,0.214316,-0.680038,0.673796,
 ,0.779, ,-0.4444, ,0.4423, ,0.174251,
 ,-0.6055, ,-0.7165, ,0.3464, ,1.29436,
 ,0, ,0, ,0, ,1,
9057,0.8888, ,0.3697, ,-0.2708, ,0.334183,-0.651617,-0.626391,1.0971,0.497029,0.482821,1.00077,
 ,-0.0564, ,0.6746, ,0.736, ,0.597093,
 ,0.4548, ,-0.6389, ,0.6205, ,1.19296,
 ,0, ,0, ,0, ,1,
9217,0.8815, ,0.0867, ,-0.4641, ,0.141018,-0.209935,-0.888814,0.534966,1.13446,-0.188239,0.581731,
 ,0.3395, ,0.5668, ,0.7507, ,0.839786,
 ,0.3281, ,-0.8193, ,0.4702, ,0.776303,
 ,0, ,0, ,0, ,1,
9225,0.1799, ,-0.9836, ,0.0093, ,0.347904,-0.327202,-0.821909,0.73856,1.13446,-0.680678,-0.941201,
 ,0.6697, ,0.1294, ,0.7313, ,0.686164,
 ,-0.7205, ,-0.1253, ,0.682, ,1.07508,
 ,0, ,0, ,0, ,1,
9277,0.3544, ,0.2997, ,-0.8857, ,0.50872,-1.09744,-0.355326,1.04591,-0.208152,0.881513,1.58644,
 ,0.1572, ,0.9146, ,0.3724, ,0.415497,
 ,0.9218, ,-0.2713, ,0.277, ,1.20492,
 ,0, ,0, ,0, ,1,
9373,0.4607, ,0.7423, ,-0.4865, ,0.151583,-0.106234,-0.638368,0.460769,1.04405,0.13848,1.11522,
 ,-0.098, ,0.5873, ,0.8034, ,0.723352,
 ,0.8821, ,-0.3225, ,0.3433, ,0.94008,
 ,0, ,0, ,0, ,1,
9433,-0.3781, ,-0.2194, ,-0.8994, ,0.188536,-0.726049,-0.534572,-0.698132,0.949074,1.15192,1.74533,
 ,-0.4655, ,0.8848, ,-0.0201, ,0.409168,
 ,0.8002, ,0.4111, ,-0.4367, ,0.522201,
 ,0, ,0, ,0, ,1,
9553,-0.1737, ,-0.9844, ,0.0263, ,0.529876,-0.851599,-0.62645,1.10118,0.618187,-0.390409,-0.714702,
 ,0.5347, ,-0.0718, ,0.842, ,0.456737,
 ,-0.827, ,0.1603, ,0.5388, ,1.3251,
 ,0, ,0, ,0, ,1,
9649,0.6577, ,0.0684, ,-0.7502, ,0.670993,-1.23867,-0.462274,0.902326,0.129645,0.363079,1.29702,
 ,0.5336, ,0.6607, ,0.528, ,0.279,
 ,0.5318, ,-0.7475, ,0.3981, ,1.31489,
 ,0, ,0, ,0, ,1,
9653,0.3666, ,-0.8814, ,-0.2978, ,0.595275,-0.714145,-0.827142,0.841064,1.13446,-0.448447,-0.192542,
 ,0.518, ,-0.0725, ,0.8523, ,0.597926,
 ,-0.7728, ,-0.4667, ,0.43, ,1.07861,
 ,0, ,0, ,0, ,1,
9713,0.441, ,-0.3458, ,-0.8282, ,0.249231,-0.228505,-0.106885,0.857755,-0.369312,-0.680678,0.719206,
 ,0.8408, ,0.4819, ,0.2465, ,0.461528,
 ,0.3138, ,-0.8051, ,0.5033, ,1.24166,
 ,0, ,0, ,0, ,1,
9801,0.4061, ,-0.3267, ,-0.8534, ,0.48309,-1.09201,-0.241127,1.22173,-0.610865,-0.298039,1.052,
 ,0.9138, ,0.1445, ,0.3796, ,0.189987,
 ,-0.0007, ,-0.934, ,0.3572, ,1.31165,
 ,0, ,0, ,0, ,1,
9877,0.6137, ,0.3321, ,-0.7163, ,0.136181,0.0147221,-0.952673,0.807983,1.13446,-0.680678,0.806912,
 ,0.6322, ,0.3368, ,0.6978, ,0.740829,
 ,0.473, ,-0.8811, ,-0.0033, ,0.816236,
 ,0, ,0, ,0, ,1,
9937,0.9321, ,0.0353, ,-0.3605, ,0.320913,-0.536553,-1.07404,1.21578,1.13394,-0.257966,0.613703,
 ,0.3598, ,0.0261, ,0.9327, ,0.644106,
 ,0.0424, ,-0.999, ,0.0116, ,0.916629,
 ,0, ,0, ,0, ,1,
10037,0.5509, ,0.0783, ,-0.8309, ,0.127127,-0.118794,-0.890943,0.491979,1.13446,-0.680678,0.882287,
 ,0.7229, ,0.4527, ,0.5219, ,0.828577,
 ,0.4171, ,-0.8882, ,0.1928, ,0.766481,
 ,0, ,0, ,0, ,1,
10065,0.0139, ,0.6918, ,-0.7219, ,0.273648,-0.353898,-1.1998,1.09367,0.920909,0.322279,1.74533,
 ,-0.0645, ,0.7211, ,0.6898, ,0.917492,
 ,0.9978, ,0.037, ,0.0546, ,0.795898,
 ,0, ,0, ,0, ,1,
10081,0.1444, ,0.3228, ,-0.9354, ,0.16022,-0.441034,0.480674,-0.698132,0.445729,-0.680678,1.7202,
 ,0.8613, ,0.4244, ,0.2794, ,0.21102,
 ,0.4872, ,-0.846, ,-0.2167, ,0.783193,
 ,0, ,0, ,0, ,1,
10105,0.6731, ,0.3601, ,-0.6459, ,0.416414,-1.18713,-0.207594,0.141388,0.995438,0.64769,1.6756,
 ,0.2153, ,0.7401, ,0.6371, ,0.287264,
 ,0.7075, ,-0.5679, ,0.4206, ,1.12976,
 ,0, ,0, ,0, ,1,
10117,-0.4344, ,-0.4924, ,-0.7542, ,0.061135,-1.48915,-1.5708,-0.698132,-0.390383,0.966624,-0.426363,
 ,-0.4717, ,0.8377, ,-0.2752, ,0.078476,
 ,0.7673, ,0.2362, ,-0.5962, ,-0.014332,
 ,0, ,0, ,0, ,1,
10217,0.4317, ,-0.0884, ,-0.8977, ,0.178662,-0.13854,0.328219,-0.397484,0.521022,-0.680678,0.865105,
 ,0.7572, ,0.5763, ,0.3074, ,0.320025,
 ,0.4901, ,-0.8125, ,0.3157, ,1.01737,
 ,0, ,0, ,0, ,1,
10261,0.8064, ,-0.4842, ,-0.3395, ,0.716598,-1.11078,-0.742989,1.22173,0.55709,-0.0631507,0.654317,
 ,0.4626, ,0.1588, ,0.8723, ,0.342487,
 ,-0.3685, ,-0.8604, ,0.352, ,1.21663,
 ,0, ,0, ,0, ,1,
10509,0.8918, ,0.2948, ,-0.3431, ,0.458823,-0.620858,-0.80542,0.910037,1.13446,-0.220122,0.884083,
 ,0.3328, ,0.0862, ,0.939, ,0.56394,
 ,0.3064, ,-0.9517, ,-0.0213, ,0.975726,
 ,0, ,0, ,0, ,1,
10641,0.0603, ,0.1803, ,-0.9818, ,0.52671,-1.3971,-0.334734,-0.698132,1.13446,0.267945,1.74533,
 ,0.895, ,0.4258, ,0.1332, ,0.146767,
 ,0.4421, ,-0.8867, ,-0.1357, ,0.688257,
 ,0, ,0, ,0, ,1,
10673,0.992, ,0.0582, ,-0.1118, ,0.195508,-0.345228,-1.0813,1.17166,1.0635,0.0188485,0.334968,
 ,0.073, ,0.4576, ,0.8862, ,0.628865,
 ,0.1027, ,-0.8873, ,0.4497, ,0.918035,
 ,0, ,0, ,0, ,1,
10793,0.3652, ,0.1934, ,-0.9106, ,0.475927,-1.17508,-0.232678,0.982743,-0.303721,0.697607,1.60638,
 ,0.3966, ,0.8527, ,0.3401, ,0.33253,
 ,0.8422, ,-0.4854, ,0.2347, ,1.23374,
 ,0, ,0, ,0, ,1,
10889,0.4623, ,0.2714, ,-0.8442, ,0.425696,-1.10377,-0.197193,-0.38817,1.12611,0.316067,1.64208,
 ,0.605, ,0.5995, ,0.5241, ,0.348241,
 ,0.6482, ,-0.753, ,0.113, ,0.874111,
 ,0, ,0, ,0, ,1,
10993,0.5283, ,0.0279, ,-0.8486, ,0.100744,-0.017357,-1.09845,0.347981,1.13446,-0.601276,0.861022,
 ,0.5897, ,0.707, ,0.3904, ,0.853426,
 ,0.6108, ,-0.7067, ,0.357, ,0.594168,
 ,0, ,0, ,0, ,1,
11045,0.5665, ,0.3389, ,-0.7511, ,0.60409,-1.12029,-0.421498,0.0719342,1.06229,0.0316257,1.65077,
 ,0.6576, ,0.3633, ,0.6599, ,0.301569,
 ,0.4966, ,-0.8678, ,-0.017, ,1.00389,
 ,0, ,0, ,0, ,1,
11201,0.988, ,0.0184, ,-0.1535, ,0.239141,-0.20271,-0.830047,0.696726,1.13446,-0.101003,0.315353,
 ,0.1317, ,0.4201, ,0.8979, ,0.790314,
 ,0.081, ,-0.9073, ,0.4126, ,0.879552,
 ,0, ,0, ,0, ,1,
11321,0.3417, ,0.157, ,-0.9266, ,0.08013,-0.290506,0.399541,0.106754,-0.444295,0.451751,1.21162,
 ,-0.0908, ,0.9868, ,0.1337, ,0.35985,
 ,0.9354, ,0.0385, ,0.3514, ,1.08222,
 ,0, ,0, ,0, ,1,
11337,0.4375, ,-0.3982, ,-0.8062, ,0.472274,-0.58907,-0.359855,1.1947,-0.354564,-0.539314,0.769765,
 ,0.8745, ,0.3972, ,0.2784, ,0.422724,
 ,0.2093, ,-0.8268, ,0.522, ,1.3674,
 ,0, ,0, ,0, ,1,
11453,-0.7426, ,-0.5758, ,-0.3421, ,0.589686,-1.43988,-1.5708,-0.0491753,-0.157896,0.938987,0.904501,
 ,-0.3503, ,0.7692, ,-0.5345, ,0.141054,
 ,0.5709, ,-0.2771, ,-0.7729, ,-0.166625,
 ,0, ,0, ,0, ,1,
11597,0.7153, ,-0.5341, ,-0.4506, ,0.535435,-0.831602,-0.908291,1.10354,1.13446,-0.492125,0.342828,
 ,0.4013, ,-0.2139, ,0.8906, ,0.499422,
 ,-0.5721, ,-0.8179, ,0.0613, ,0.979665,
 ,0, ,0, ,0, ,1,
11613,0.2436, ,-0.127, ,-0.9615, ,-0.133337,0.174712,0.39323,-0.555223,-0.0855675,0.00670327,1.3123,
 ,-0.141, ,0.9762, ,-0.1647, ,0.329527,
 ,0.9596, ,0.1757, ,0.2199, ,0.664417,
 ,0, ,0, ,0, ,1,
11625,0.2259, ,0.6285, ,-0.7443, ,0.523746,-0.586925,-1.5708,1.03392,1.13446,-0.326406,1.71734,
 ,0.644, ,0.4769, ,0.5982, ,0.676334,
 ,0.7309, ,-0.6145, ,-0.297, ,0.470745,
 ,0, ,0, ,0, ,1,
11629,0.9496, ,-0.2206, ,-0.2226, ,0.372975,-0.454976,-0.542755,1.15823,0.0742343,0.0232056,0.301513,
 ,0.3134, ,0.6695, ,0.6734, ,0.609438,
 ,0.0005, ,-0.7093, ,0.7049, ,1.27056,
 ,0, ,0, ,0, ,1,
11749,0.7099, ,-0.2866, ,-0.6433, ,0.71303,-0.957493,-0.92693,0.845664,1.13446,-0.624139,0.841457,
 ,0.571, ,-0.3006, ,0.764, ,0.441326,
 ,-0.4124, ,-0.9097, ,-0.0498, ,0.856822,
 ,0, ,0, ,0, ,1,
11781,0.8989, ,-0.0544, ,-0.4348, ,0.383794,-0.728275,-0.238588,0.282806,0.980234,-0.163151,0.800048,
 ,0.4306, ,0.2939, ,0.8533, ,0.388021,
 ,0.0814, ,-0.9543, ,0.2876, ,1.20006,
 ,0, ,0, ,0, ,1,
12033,0.2839, ,0.6653, ,-0.6905, ,0.50791,-0.704,-0.740841,0.380353,1.13446,0.175046,1.70693,
 ,0.2722, ,0.6346, ,0.7233, ,0.533084,
 ,0.9194, ,-0.3933, ,-0.001, ,0.87071,
 ,0, ,0, ,0, ,1,
12181,-0.834, ,-0.3928, ,-0.3875, ,0.715929,-1.56817,-1.5708,0.341005,-0.263697,0.739306,1.01259,
 ,0.0251, ,0.6745, ,-0.7378, ,0.131195,
 ,0.5511, ,-0.6251, ,-0.5527, ,-0.188475,
 ,0, ,0, ,0, ,1,
12225,0.1973, ,-0.9712, ,0.1338, ,0.484059,-0.527882,-0.756028,1.22173,0.335179,-0.529802,-0.70078,
 ,0.7228, ,0.2363, ,0.6495, ,0.640334,
 ,-0.6623, ,-0.0315, ,0.7485, ,1.21399,
 ,0, ,0, ,0, ,1,
12289,0.8521, ,0.1187, ,-0.5098, ,0.204945,-0.180443,-0.9538,0.932345,0.967836,-0.301584,0.536015,
 ,0.3941, ,0.4955, ,0.774, ,0.813978,
 ,0.3445, ,-0.8604, ,0.3755, ,0.954184,
 ,0, ,0, ,0, ,1,
12357,-0.81, ,-0.5495, ,-0.2048, ,0.597746,-1.5708,-1.5708,0.138265,-0.37034,0.715707,0.824518,
 ,-0.2829, ,0.672, ,-0.6843, ,0.066756,
 ,0.5137, ,-0.4964, ,-0.6998, ,-0.24191,
 ,0, ,0, ,0, ,1,
12481,0.594, ,-0.2222, ,-0.7732, ,0.492934,-0.79648,-0.426464,0.226513,0.971687,-0.529293,0.909092,
 ,0.7947, ,0.0129, ,0.6068, ,0.271663,
 ,-0.1249, ,-0.9749, ,0.1842, ,0.919717,
 ,0, ,0, ,0, ,1,
12537,0.8578, ,0.2202, ,-0.4644, ,0.437491,-1.16017,-0.337203,1.14947,0.171022,0.60961,1.39855,
 ,0.1881, ,0.7063, ,0.6824, ,0.310381,
 ,0.4783, ,-0.6728, ,0.5645, ,1.3828,
 ,0, ,0, ,0, ,1,
12681,0.6451, ,0.0265, ,-0.7637, ,0.43137,-0.426831,-0.787496,1.22173,0.14021,-0.3426,0.912489,
 ,0.6236, ,0.5594, ,0.5461, ,0.795391,
 ,0.4417, ,-0.8284, ,0.3444, ,1.11234,
 ,0, ,0, ,0, ,1,
12905,0.3723, ,0.6256, ,-0.6856, ,0.006214,1.00141,-1.5708,-0.58187,-0.531691,0.269081,-0.725424,
 ,0.5835, ,-0.7322, ,-0.3512, ,0.056844,
 ,-0.7217, ,-0.2693, ,-0.6377, ,-0.084508,
 ,0, ,0, ,0, ,1,
12925,0.2862, ,0.2766, ,-0.9174, ,0.558568,-1.31507,-0.334574,0.769915,0.13747,1.11672,1.74412,
 ,0.0134, ,0.9562, ,0.2925, ,0.185738,
 ,0.9581, ,-0.096, ,0.2699, ,1.19857,
 ,0, ,0, ,0, ,1,
12993,0.9, ,-0.0703, ,-0.4302, ,0.179089,-0.470351,0.0489952,0.373085,0.153434,0.0686799,0.581995,
 ,0.3142, ,0.7886, ,0.5286, ,0.409589,
 ,0.3021, ,-0.6109, ,0.7318, ,1.21872,
 ,0, ,0, ,0, ,1,
13109,0.5949, ,-0.6198, ,-0.5118, ,0.374149,-0.381166,-0.73244,1.1886,0.830921,-0.64624,-0.197882,
 ,0.6421, ,-0.0166, ,0.7664, ,0.626263,
 ,-0.4836, ,-0.7846, ,0.3881, ,1.22079,
 ,0, ,0, ,0, ,1,
13137,0.8536, ,-0.3237, ,-0.4081, ,0.309195,-0.413585,-0.356699,0.535198,0.878737,-0.411742,0.321746,
 ,0.4801, ,0.1849, ,0.8575, ,0.422622,
 ,-0.2022, ,-0.9279, ,0.3132, ,1.08073,
 ,0, ,0, ,0, ,1,
13249,0.5057, ,-0.5624, ,0.6542, ,1.01477,-1.5708,-1.43059,0.802547,-0.610865,-0.680678,-0.813827,
 ,0.1699, ,-0.6785, ,-0.7147, ,-0.196547,
 ,0.8458, ,0.4725, ,-0.2476, ,0.007751,
 ,0, ,0, ,0, ,1,
13473,0.8388, ,-0.1328, ,-0.5279, ,0.341466,-1.00626,-1.54264,-0.601838,-0.540403,-0.680678,-0.787647,
 ,-0.3076, ,-0.9158, ,-0.2583, ,0.003496,
 ,-0.4491, ,0.379, ,-0.8091, ,0.034795,
 ,0, ,0, ,0, ,1,
13589,0.5635, ,-0.4862, ,-0.6679, ,0.12427,-0.567876,-1.47161,-0.592378,-0.610327,0.403586,-0.651019,
 ,-0.8008, ,-0.5201, ,-0.2969, ,0.235273,
 ,-0.203, ,0.7022, ,-0.6825, ,-0.079471,
 ,0, ,0, ,0, ,1,
13605,0.4704, ,0.6949, ,-0.5439, ,0.015827,-0.184638,-0.410025,-0.0578544,1.13446,0.475908,1.10314,
 ,-0.3006, ,0.7057, ,0.6416, ,0.641456,
 ,0.8296, ,-0.1383, ,0.5409, ,0.802627,
 ,0, ,0, ,0, ,1,
13609,0.1442, ,-0.9145, ,-0.378, ,0.470477,-0.626043,-0.763499,1.0724,1.13416,-0.530774,-0.659365,
 ,0.4013, ,-0.2951, ,0.8671, ,0.554568,
 ,-0.9045, ,-0.2767, ,0.3245, ,1.08145,
 ,0, ,0, ,0, ,1,
13693,0.477, ,0.5981, ,-0.644, ,0.38667,-0.460161,-1.08369,0.904927,0.921254,0.581736,1.35928,
 ,-0.306, ,0.7999, ,0.5163, ,0.984522,
 ,0.8239, ,-0.0492, ,0.5646, ,0.83535,
 ,0, ,0, ,0, ,1,
13953,-0.1225, ,-0.1811, ,-0.9758, ,0.408923,-1.32846,0.153653,0.250776,-0.437368,-0.542465,1.39773,
 ,0.9469, ,-0.3157, ,-0.0603, ,0.094613,
 ,-0.2971, ,-0.9314, ,0.2102, ,1.09902,
 ,0, ,0, ,0, ,1,
13957,0.366, ,0.4859, ,-0.7937, ,0.526872,-1.05596,-0.488861,0.959831,0.285924,0.83308,1.74533,
 ,-0.0572, ,0.863, ,0.502, ,0.379893,
 ,0.9289, ,-0.1383, ,0.3437, ,1.26777,
 ,0, ,0, ,0, ,1,
14077,0.0546, ,-0.2377, ,-0.9698, ,0.270674,-0.884371,0.273028,-0.0255816,-0.0470089,-0.680556,1.18668,
 ,0.9893, ,-0.1186, ,0.0847, ,0.266682,
 ,-0.1351, ,-0.9641, ,0.2287, ,1.07445,
 ,0, ,0, ,0, ,1,
14321,-0.331, ,0.11, ,-0.9372, ,0.199691,-1.5708,0.496796,-0.575056,-0.0407331,0.845157,1.74053,
 ,0.5722, ,0.8131, ,-0.1067, ,0.097505,
 ,0.7503, ,-0.5716, ,-0.3321, ,0.80825,
 ,0, ,0, ,0, ,1,
15025,0.6238, ,0.0655, ,-0.7789, ,0.202398,-0.450343,0.207896,0.00684338,0.30858,-0.174434,0.975941,
 ,0.5166, ,0.7133, ,0.4737, ,0.364398,
 ,0.5866, ,-0.6978, ,0.4111, ,1.14466,
 ,0, ,0, ,0, ,1,
15069,0.874, ,0.1392, ,-0.4656, ,0.24842,-0.366425,0.0288012,-0.0286386,0.960043,-0.285214,0.59637,
 ,0.3673, ,0.4379, ,0.8205, ,0.345196,
 ,0.3181, ,-0.8882, ,0.3316, ,1.095,
 ,0, ,0, ,0, ,1,
15097,0.6935, ,0.1236, ,-0.7098, ,0.440133,-0.404709,-1.2331,1.07173,1.13446,-0.593599,0.782346,
 ,0.6865, ,0.1855, ,0.703, ,0.758029,
 ,0.2185, ,-0.9748, ,0.0438, ,0.781832,
 ,0, ,0, ,0, ,1,
15137,0.4955, ,-0.4194, ,-0.7607, ,0.651528,-1.5708,-0.263484,0.856029,-0.164997,0.526095,1.15564,
 ,0.8105, ,0.5382, ,0.2312, ,0.114461,
 ,0.3124, ,-0.7311, ,0.6066, ,1.33317,
 ,0, ,0, ,0, ,1,
15197,0.5107, ,-0.717, ,-0.4744, ,0.411976,-0.648963,-0.383908,1.193,0.0402148,-0.578307,0.126867,
 ,0.7565, ,0.1126, ,0.6442, ,0.377414,
 ,-0.4084, ,-0.6879, ,0.5999, ,1.3065,
 ,0, ,0, ,0, ,1,
15261,0.2796, ,-0.0456, ,-0.959, ,0.080897,0.138868,0.31006,0.142363,-0.260697,-0.680678,1.18327,
 ,0.5783, ,0.8054, ,0.1303, ,0.336557,
 ,0.7664, ,-0.591, ,0.2515, ,1.07333,
 ,0, ,0, ,0, ,1,
15265,0.2518, ,-0.5355, ,-0.8061, ,-0.016763,-0.961033,-1.5708,-0.684379,-0.377487,0.597866,-0.780631,
 ,-0.9497, ,0.0234, ,-0.3122, ,0.114047,
 ,0.1861, ,0.8442, ,-0.5027, ,-0.105012,
 ,0, ,0, ,0, ,1,
15293,0.6512, ,0.2798, ,-0.7055, ,0.14373,-0.550955,-0.110408,0.545394,-0.487303,0.985509,0.739471,
 ,-0.4207, ,0.9068, ,-0.0287, ,0.532013,
 ,0.6317, ,0.3155, ,0.7081, ,1.04353,
 ,0, ,0, ,0, ,1,
15445,0.2939, ,-0.5309, ,-0.7948, ,-0.094655,-0.0642705,-1.52063,-0.698132,-0.0573099,1.15192,-0.0672507,
 ,-0.9526, ,-0.2305, ,-0.1983, ,0.315948,
 ,-0.0779, ,0.8155, ,-0.5735, ,0.077576,
 ,0, ,0, ,0, ,1,
15465,0.3306, ,0.0152, ,-0.9437, ,-0.026235,0.114444,0.261965,-0.504797,0.564885,-0.674863,1.0882,
 ,0.6136, ,0.7562, ,0.2272, ,0.368837,
 ,0.7171, ,-0.6541, ,0.2406, ,0.822662,
 ,0, ,0, ,0, ,1,
15505,0.5965, ,-0.6533, ,-0.4662, ,0.099825,-1.01852,-1.39528,-0.615733,-0.610865,0.0611272,-0.55053,
 ,-0.7985, ,-0.4242, ,-0.4271, ,0.070552,
 ,0.0812, ,0.627, ,-0.7747, ,0.001233,
 ,0, ,0, ,0, ,1,
15521,0.0612, ,0.15, ,-0.9868, ,0.425911,-0.935384,0.0824902,-0.10221,0.177671,-0.651015,1.61995,
 ,0.9981, ,-0.0153, ,0.0596, ,0.135316,
 ,-0.0061, ,-0.9886, ,-0.1506, ,0.876289,
 ,0, ,0, ,0, ,1,
15809,-0.8444, ,-0.2044, ,-0.4953, ,0.817651,-1.5708,-1.44771,0.150319,0.176677,0.388887,1.26017,
 ,0.3741, ,0.4369, ,-0.818, ,-0.036328,
 ,0.3836, ,-0.876, ,-0.2925, ,-0.011163,
 ,0, ,0, ,0, ,1,
15817,0.4574, ,0.1148, ,-0.8818, ,0.328333,-0.214657,-1.22719,0.799819,1.12526,-0.680678,0.953679,
 ,0.8018, ,0.3755, ,0.4648, ,0.873406,
 ,0.3845, ,-0.9197, ,0.0797, ,0.657165,
 ,0, ,0, ,0, ,1,
15829,0.9275, ,0.2964, ,-0.2278, ,0.279622,-0.82942,-0.251297,0.783534,0.337674,0.760605,0.947944,
 ,-0.1035, ,0.789, ,0.6056, ,0.431043,
 ,0.3592, ,-0.5381, ,0.7625, ,1.27073,
 ,0, ,0, ,0, ,1,
15913,0.4823, ,0.4388, ,-0.7582, ,0.399779,-0.510139,-0.300611,0.223166,0.806171,-0.415659,1.29024,
 ,0.6181, ,0.4429, ,0.6495, ,0.421255,
 ,0.6208, ,-0.7819, ,-0.0576, ,0.941224,
 ,0, ,0, ,0, ,1,
15941,0.6176, ,0.5635, ,-0.5487, ,0.779816,-0.954244,-0.938293,0.711606,1.13446,-0.138178,1.66303,
 ,0.5221, ,0.2281, ,0.8218, ,0.439613,
 ,0.5882, ,-0.794, ,-0.1533, ,0.832107,
 ,0, ,0, ,0, ,1,
15949,0.1543, ,0.2835, ,-0.9465, ,-0.009538,-0.0672002,-0.585785,-0.0919922,0.844258,0.412566,1.36359,
 ,-0.3937, ,0.8962, ,0.2043, ,0.706686,
 ,0.9062, ,0.3411, ,0.2499, ,0.631813,
 ,0, ,0, ,0, ,1,
15953,-0.0797, ,-0.9653, ,-0.2488, ,0.675617,-0.928924,-0.815041,1.21846,0.978438,-0.516664,-0.639337,
 ,0.3677, ,-0.2604, ,0.8927, ,0.36362,
 ,-0.9265, ,-0.0203, ,0.3757, ,1.20854,
 ,0, ,0, ,0, ,1,
15989,0.4181, ,-0.3427, ,-0.8413, ,0.533299,-0.870176,-0.378992,1.22173,-0.409323,-0.614831,0.877563,
 ,0.8977, ,0.0137, ,0.4405, ,0.310025,
 ,-0.1395, ,-0.9393, ,0.3134, ,1.29658,
 ,0, ,0, ,0, ,1,
16013,0.2956, ,0.3095, ,-0.9038, ,-0.192333,0.973932,-1.33173,-0.696297,-0.610865,0.713533,-0.809185,
 ,0.2286, ,-0.9415, ,-0.2477, ,0.078932,
 ,-0.9276, ,-0.1334, ,-0.349, ,0.147809,
 ,0, ,0, ,0, ,1,
16141,0.6451, ,0.2111, ,-0.7344, ,0.22027,-0.973545,0.117014,0.564457,-0.132532,0.657918,1.30862,
 ,0.2061, ,0.8774, ,0.4332, ,0.289789,
 ,0.7358, ,-0.4308, ,0.5225, ,1.23957,
 ,0, ,0, ,0, ,1,
16229,0.3503, ,-0.1219, ,-0.9287, ,0.039106,-0.132889,0.242149,0.217001,-0.120068,-0.673772,0.933504,
 ,0.7903, ,0.5705, ,0.2232, ,0.357228,
 ,0.5026, ,-0.8122, ,0.2962, ,1.08374,
 ,0, ,0, ,0, ,1,
16293,0.2898, ,0.2005, ,-0.9358, ,-0.168289,1.39998,0.300611,-0.698132,-0.610865,1.0837,0.72559,
 ,-0.3482, ,-0.8887, ,-0.2983, ,-0.101645,
 ,-0.8915, ,0.4123, ,-0.1878, ,0.576828,
 ,0, ,0, ,0, ,1,
16477,0.6191, ,-0.7209, ,-0.3114, ,0.21672,-0.121811,-0.574123,0.435715,0.99502,-0.680678,-0.277307,
 ,0.7297, ,0.3816, ,0.5673, ,0.685291,
 ,-0.2901, ,-0.5785, ,0.7623, ,1.03027,
 ,0, ,0, ,0, ,1,
16505,0.9193, ,0.2647, ,-0.2914, ,0.229555,-0.276082,-0.947029,0.603613,1.13446,0.157489,0.571916,
 ,0.0551, ,0.6464, ,0.761, ,0.879409,
 ,0.3898, ,-0.7156, ,0.5796, ,0.763737,
 ,0, ,0, ,0, ,1,
16561,0.9161, ,-0.1912, ,0.3524, ,1.03315,-1.56055,-1.51964,0.92449,-0.610865,-0.528955,-1.34683,
 ,0.2339, ,-0.4591, ,-0.8571, ,-0.054327,
 ,0.3257, ,0.8676, ,-0.3758, ,-0.072035,
 ,0, ,0, ,0, ,1,
16589,0.3037, ,-0.6754, ,-0.672, ,0.559031,-0.895876,-0.53402,0.909901,0.777356,-0.680678,0.149324,
 ,0.6435, ,-0.3747, ,0.6675, ,0.363456,
 ,-0.7027, ,-0.6351, ,0.3208, ,1.22827,
 ,0, ,0, ,0, ,1,
16621,0.3408, ,0.5482, ,-0.7638, ,-0.012229,0.120931,0.471431,-0.635235,0.797812,-0.0897106,1.13007,
 ,0.0146, ,0.8093, ,0.5873, ,0.248209,
 ,0.94, ,-0.2113, ,0.2678, ,1.01501,
 ,0, ,0, ,0, ,1,
16641,0.6461, ,0.5068, ,-0.5708, ,0.700398,-0.829055,-0.924322,0.696998,1.13446,-0.276349,1.51885,
 ,0.5816, ,0.1574, ,0.7981, ,0.486129,
 ,0.4943, ,-0.8476, ,-0.1931, ,0.856056,
 ,0, ,0, ,0, ,1,
16649,0.137, ,0.0987, ,-0.9856, ,0.319331,-1.02822,0.139954,-0.0636876,0.0495087,0.947406,1.57415,
 ,0.0077, ,0.9949, ,0.1007, ,0.265487,
 ,0.9905, ,-0.0214, ,0.1355, ,1.04303,
 ,0, ,0, ,0, ,1,
16669,0.3584, ,-0.8645, ,-0.3525, ,0.430889,-0.870109,-0.298063,0.781937,0.438536,-0.481466,-0.0825169,
 ,0.7187, ,0.0145, ,0.6951, ,0.292322,
 ,-0.5958, ,-0.5025, ,0.6265, ,1.40175,
 ,0, ,0, ,0, ,1,
16705,0.8765, ,0.1803, ,-0.4463, ,0.319828,-0.344079,-0.988325,1.10766,1.06302,-0.273009,0.570933,
 ,0.3885, ,0.2824, ,0.8771, ,0.750323,
 ,0.2842, ,-0.9422, ,0.1775, ,1.03255,
 ,0, ,0, ,0, ,1,
16725,0.4812, ,0.1335, ,-0.8664, ,0.228613,-0.523087,-0.166779,0.615182,-0.248513,0.483644,1.17261,
 ,0.0326, ,0.9849, ,0.1698, ,0.557533,
 ,0.876, ,-0.11, ,0.4696, ,1.10782,
 ,0, ,0, ,0, ,1,
16737,0.243, ,-0.7599, ,-0.6029, ,0.227481,-0.34452,-0.123759,0.384124,-0.444745,-0.680678,0.720066,
 ,0.9143, ,0.3871, ,-0.1194, ,0.505153,
 ,0.3241, ,-0.5222, ,0.7889, ,1.07585,
 ,0, ,0, ,0, ,1,
16985,0.4594, ,-0.08, ,-0.8846, ,0.44693,-0.618399,-0.369305,0.756687,0.112374,-0.522436,1.05502,
 ,0.8513, ,0.324, ,0.4128, ,0.506439,
 ,0.2536, ,-0.9427, ,0.2169, ,1.14778,
 ,0, ,0, ,0, ,1,
17089,-0.976, ,-0.0804, ,-0.2024, ,0.473861,-1.5708,-1.35052,-0.638697,0.666057,1.06089,1.54859,
 ,0.0192, ,0.8941, ,-0.4475, ,0.031853,
 ,0.2169, ,-0.4407, ,-0.8711, ,-0.019628,
 ,0, ,0, ,0, ,1,
17137,-0.8044, ,-0.3578, ,-0.4743, ,0.704545,-1.55357,-1.53238,-0.145953,0.25158,0.982866,1.02603,
 ,-0.0581, ,0.8419, ,-0.5366, ,0.187136,
 ,0.5912, ,-0.4041, ,-0.698, ,-0.148419,
 ,0, ,0, ,0, ,1,
17145,0.2598, ,0.764, ,-0.5906, ,0.279129,-0.328208,-0.811636,0.567986,1.13446,-0.307741,1.53612,
 ,0.4079, ,0.4675, ,0.7843, ,0.754053,
 ,0.8753, ,-0.4446, ,-0.1902, ,0.822211,
 ,0, ,0, ,0, ,1,
17181,0.4496, ,-0.4167, ,-0.7901, ,0.534917,-1.5708,-0.376377,1.22173,-0.610865,0.610898,1.05277,
 ,0.8153, ,0.5527, ,0.1724, ,0.092721,
 ,0.3648, ,-0.7217, ,0.5883, ,1.24301,
 ,0, ,0, ,0, ,1,
17249,0.673, ,-0.1124, ,-0.731, ,0.336219,-0.624586,-0.0565916,0.450528,0.113986,-0.145108,0.86063,
 ,0.6127, ,0.6384, ,0.4659, ,0.413099,
 ,0.4143, ,-0.7615, ,0.4985, ,1.22349,
 ,0, ,0, ,0, ,1,
17269,-0.1048, ,0.6503, ,-0.7524, ,0.277927,-0.266814,-1.21318,0.759318,1.1316,0.291544,1.74533,
 ,-0.1522, ,0.7372, ,0.6583, ,0.92063,
 ,0.9828, ,0.1835, ,0.0217, ,0.611575,
 ,0, ,0, ,0, ,1,
17349,-0.0737, ,0.6669, ,-0.7415, ,0.318458,-0.230536,-1.5708,1.10335,1.13446,-0.0618424,1.70689,
 ,0.188, ,0.7395, ,0.6464, ,1.01818,
 ,0.9794, ,-0.0917, ,-0.1799, ,0.511083,
 ,0, ,0, ,0, ,1,
17381,-0.0326, ,0.6555, ,-0.7545, ,-0.127429,1.02055,-1.5708,-0.698132,-0.610865,-0.463911,-1.00451,
 ,0.9939, ,-0.0585, ,-0.0938, ,0.091663,
 ,-0.1056, ,-0.7529, ,-0.6495, ,-0.081238,
 ,0, ,0, ,0, ,1,
17453,-0.9836, ,-0.0827, ,-0.16, ,0.835698,-1.53088,-1.44272,0.64452,-0.610865,0.796156,1.49173,
 ,0.0538, ,0.7129, ,-0.6992, ,0.166501,
 ,0.1719, ,-0.6963, ,-0.6968, ,0.01479,
 ,0, ,0, ,0, ,1,
17533,0.5234, ,0.6728, ,-0.5229, ,0.175615,-0.832393,-0.174308,0.76218,0.485114,0.946052,1.74533,
 ,-0.3373, ,0.7271, ,0.5979, ,0.283946,
 ,0.7825, ,-0.1365, ,0.6075, ,1.21834,
 ,0, ,0, ,0, ,1,
17769,0.3699, ,0.6736, ,-0.6399, ,0.036772,-0.247885,0.0905092,-0.0809153,0.0950243,1.15185,0.828645,
 ,-0.8357, ,0.5421, ,0.0876, ,0.405692,
 ,0.4059, ,0.5023, ,0.7635, ,1.03791,
 ,0, ,0, ,0, ,1,
17841,-0.3791, ,0.0207, ,-0.9251, ,0.408598,-1.52635,0.191706,0.112767,-0.610865,-0.539722,1.52221,
 ,0.8326, ,-0.4287, ,-0.3507, ,-0.071406,
 ,-0.4039, ,-0.9032, ,0.1453, ,1.02436,
 ,0, ,0, ,0, ,1,
18125,-0.9863, ,-0.1648, ,0.0121, ,0.891892,-1.39049,-1.55024,0.774033,-0.519191,1.14531,1.74533,
 ,-0.1599, ,0.9338, ,-0.3202, ,0.225172,
 ,0.0414, ,-0.3177, ,-0.9473, ,-0.014872,
 ,0, ,0, ,0, ,1,
18205,0.5222, ,-0.0465, ,-0.8516, ,0.562702,-0.795452,-0.453642,0.315644,0.788055,-0.543112,1.08235,
 ,0.8496, ,0.1148, ,0.5147, ,0.415729,
 ,0.0739, ,-0.9923, ,0.0995, ,1.02547,
 ,0, ,0, ,0, ,1,
18241,0.5998, ,0.0887, ,-0.7952, ,0.31637,-1.09101,0.147171,0.531488,-0.202362,0.259819,1.30985,
 ,0.606, ,0.5987, ,0.5238, ,0.216086,
 ,0.5225, ,-0.7961, ,0.3054, ,1.25406,
 ,0, ,0, ,0, ,1,
18593,0.1565, ,-0.2144, ,-0.9641, ,-0.143811,1.12972,0.523599,-0.698132,-0.29258,-0.679115,1.74533,
 ,-0.404, ,0.8769, ,-0.2606, ,0.146389,
 ,0.9013, ,0.4303, ,0.0506, ,0.601461,
 ,0, ,0, ,0, ,1,
18609,-0.9438, ,0.0713, ,-0.3227, ,0.72707,-1.5708,-1.12274,0.00105192,-0.173848,0.7952,1.49808,
 ,0.2821, ,0.6826, ,-0.6742, ,0.04957,
 ,0.1722, ,-0.7273, ,-0.6643, ,0.112041,
 ,0, ,0, ,0, ,1,
18613,0.7046, ,0.1646, ,-0.6903, ,0.706214,-1.14897,-0.441829,0.377683,0.780383,0.131327,1.51806,
 ,0.5605, ,0.4675, ,0.6836, ,0.36424,
 ,0.4352, ,-0.8685, ,0.2371, ,1.08433,
 ,0, ,0, ,0, ,1,
18741,0.6272, ,0.544, ,-0.5573, ,0.107716,-0.389218,-0.0842007,0.117863,0.68972,0.465099,1.13572,
 ,-0.1498, ,0.7865, ,0.5992, ,0.488678,
 ,0.7643, ,-0.2923, ,0.5748, ,1.13364,
 ,0, ,0, ,0, ,1,
18837,-0.205, ,-0.4484, ,-0.87, ,0.57763,-1.5099,-0.0668391,0.621372,-0.594673,-0.230106,1.03834,
 ,0.9773, ,-0.1425, ,-0.1568, ,-0.046819,
 ,-0.0537, ,-0.8824, ,0.4675, ,1.18766,
 ,0, ,0, ,0, ,1,
18997,-0.0813, ,-0.7426, ,-0.6648, ,0.156196,-1.5708,-1.45153,-0.663546,-0.4607,0.448738,-0.638247,
 ,-0.7113, ,0.5104, ,-0.4832, ,-0.072544,
 ,0.6981, ,0.4336, ,-0.5698, ,0.035461,
 ,0, ,0, ,0, ,1,
19033,0.0836, ,-0.7861, ,-0.6124, ,0.703172,-1.0081,-0.547035,0.882969,0.653194,-0.680678,0.0756193,
 ,0.6855, ,-0.4007, ,0.6079, ,0.317311,
 ,-0.7232, ,-0.4707, ,0.5054, ,1.22656,
 ,0, ,0, ,0, ,1,
19069,0.4192, ,0.6723, ,-0.6101, ,-0.041465,0.0371492,0.161552,-0.338195,0.825848,0.137656,1.04645,
 ,-0.1747, ,0.7192, ,0.6725, ,0.40238,
 ,0.8909, ,-0.1754, ,0.4189, ,0.928197,
 ,0, ,0, ,0, ,1,
19101,-0.2623, ,0.2296, ,-0.9373, ,0.534817,-1.49729,0.287138,-0.365772,-0.115635,0.092247,1.72793,
 ,0.9493, ,0.2358, ,-0.2079, ,-0.032751,
 ,0.1732, ,-0.9443, ,-0.2798, ,0.854325,
 ,0, ,0, ,0, ,1,
19153,0.8941, ,-0.0917, ,-0.4384, ,0.381354,-0.674514,-0.445971,0.879272,0.0333273,0.262734,0.594874,
 ,0.2731, ,0.8875, ,0.3712, ,0.631065,
 ,0.355, ,-0.4516, ,0.8185, ,1.2851,
 ,0, ,0, ,0, ,1,
19157,-0.459, ,0.0674, ,-0.8859, ,0.861986,-1.5708,-1.5708,0.371254,0.730393,1.14174,1.53023,
 ,0.4094, ,0.901, ,-0.1436, ,0.120743,
 ,0.7885, ,-0.4285, ,-0.4412, ,-0.036521,
 ,0, ,0, ,0, ,1,
19269,-0.8817, ,0.0015, ,-0.4719, ,0.934566,-1.51946,-1.5708,1.07199,-0.446023,1.07871,1.67065,
 ,0.2134, ,0.8932, ,-0.3958, ,0.218386,
 ,0.4209, ,-0.4496, ,-0.7878, ,0.017297,
 ,0, ,0, ,0, ,1,
19281,0.6414, ,-0.064, ,-0.7646, ,0.23409,-0.174353,-0.837511,0.605426,0.845161,-0.563235,0.70413,
 ,0.6394, ,0.5955, ,0.4864, ,0.841469,
 ,0.4241, ,-0.8008, ,0.4229, ,0.893585,
 ,0, ,0, ,0, ,1,
19293,0.4743, ,0.8539, ,-0.2141, ,0.30324,-0.581045,-0.953378,1.22173,1.13446,0.761098,1.67107,
 ,-0.5183, ,0.4674, ,0.7161, ,0.702719,
 ,0.7116, ,-0.2287, ,0.6643, ,1.13172,
 ,0, ,0, ,0, ,1,
19301,0.2719, ,-0.8979, ,-0.346, ,0.64332,-0.911375,-0.899406,1.0852,1.13446,-0.355016,-0.231915,
 ,0.344, ,-0.2452, ,0.9064, ,0.454245,
 ,-0.8987, ,-0.3655, ,0.2422, ,1.08729,
 ,0, ,0, ,0, ,1,
19337,0.7099, ,-0.0768, ,-0.7001, ,0.541303,-0.886888,-0.409011,0.201502,1.13446,-0.362709,0.929744,
 ,0.7016, ,-0.0105, ,0.7125, ,0.362206,
 ,-0.0621, ,-0.997, ,0.0464, ,1.08903,
 ,0, ,0, ,0, ,1,
19345,0.464, ,0.3048, ,-0.8317, ,0.523856,-0.662028,-0.48243,0.313101,0.761144,-0.436446,1.37082,
 ,0.7491, ,0.366, ,0.5521, ,0.423812,
 ,0.4727, ,-0.8793, ,-0.0585, ,0.87359,
 ,0, ,0, ,0, ,1,
19353,0.5797, ,-0.2438, ,-0.7775, ,0.028645,-0.122935,0.241813,0.128458,0.121365,-0.59096,0.738072,
 ,0.6974, ,0.6419, ,0.3187, ,0.325727,
 ,0.4214, ,-0.727, ,0.5421, ,1.08437,
 ,0, ,0, ,0, ,1,
19433,-0.5992, ,0.0794, ,-0.7966, ,0.823197,-1.53942,-1.38914,0.0101369,0.853307,0.829537,1.72897,
 ,0.5592, ,0.7536, ,-0.3455, ,0.157536,
 ,0.5729, ,-0.6525, ,-0.496, ,-0.011122,
 ,0, ,0, ,0, ,1,
19461,0.5603, ,-0.5476, ,-0.6215, ,0.236961,-1.55149,-1.23062,-0.698132,-0.610865,-0.309201,-0.933331,
 ,-0.8277, ,-0.3411, ,-0.4456, ,-0.052789,
 ,0.032, ,0.7641, ,-0.6443, ,0.175316,
 ,0, ,0, ,0, ,1,
19513,0.2754, ,-0.1226, ,-0.9535, ,0.144533,-0.407434,0.107095,0.0293888,0.129567,-0.680651,1.20311,
 ,0.9111, ,0.3498, ,0.2182, ,0.430812,
 ,0.3068, ,-0.9288, ,0.208, ,1.08112,
 ,0, ,0, ,0, ,1,
19605,0.695, ,-0.4511, ,-0.5598, ,0.453131,-0.719999,-0.448843,1.04898,0.363244,-0.448536,0.431369,
 ,0.6626, ,0.0995, ,0.7424, ,0.393759,
 ,-0.2792, ,-0.8869, ,0.3681, ,1.27184,
 ,0, ,0, ,0, ,1,
19637,0.6691, ,0.0903, ,-0.7377, ,0.011144,-0.0754672,0.15826,-0.268729,0.138264,0.164971,0.833056,
 ,-0.0685, ,0.9959, ,0.0598, ,0.492157,
 ,0.74, ,0.0105, ,0.6725, ,0.912473,
 ,0, ,0, ,0, ,1,
19661,-0.0792, ,-0.1847, ,-0.9796, ,0.086295,0.0532892,0.515129,-0.0863481,-0.610865,-0.573638,1.69006,
 ,0.5323, ,0.823, ,-0.1982, ,0.179811,
 ,0.8428, ,-0.5372, ,0.0332, ,0.996768,
 ,0, ,0, ,0, ,1,
19677,-0.222, ,0.2078, ,-0.9526, ,0.49816,-1.482,-0.00448117,-0.363193,0.0908103,-0.320219,1.74533,
 ,0.9497, ,-0.175, ,-0.2595, ,-0.081121,
 ,-0.2206, ,-0.9624, ,-0.1585, ,0.695504,
 ,0, ,0, ,0, ,1,
19785,-0.4272, ,0.6991, ,-0.5734, ,-0.069709,1.5708,-1.5708,-0.585904,-0.452245,-0.129087,-0.832538,
 ,0.8824, ,0.184, ,-0.433, ,-0.08405,
 ,-0.1972, ,-0.691, ,-0.6955, ,-0.0968,
 ,0, ,0, ,0, ,1,
19789,0.9275, ,-0.3117, ,-0.2065, ,0.538746,-0.741471,-0.735566,0.937167,1.13446,-0.102373,0.377747,
 ,0.2214, ,0.013, ,0.9751, ,0.464001,
 ,-0.3013, ,-0.9501, ,0.081, ,1.0996,
 ,0, ,0, ,0, ,1,
20037,-0.5917, ,-0.5143, ,-0.6208, ,0.864678,-1.49787,-1.43343,0.43213,-0.426961,0.969963,0.721583,
 ,-0.1001, ,0.811, ,-0.5764, ,0.16816,
 ,0.7999, ,-0.279, ,-0.5314, ,0.04356,
 ,0, ,0, ,0, ,1,
20077,0.5744, ,-0.2041, ,-0.7927, ,-0.028336,-0.0791166,0.407197,0.0420229,-0.0485792,-0.526157,0.682262,
 ,0.5856, ,0.7791, ,0.2238, ,0.25402,
 ,0.5719, ,-0.5927, ,0.5671, ,1.08138,
 ,0, ,0, ,0, ,1,
20193,0.2508, ,0.1267, ,-0.9597, ,-0.261809,0.7911,-1.03917,-0.698132,-0.610865,1.15192,-0.669388,
 ,-0.5007, ,-0.8315, ,-0.2406, ,0.06475,
 ,-0.8285, ,0.5409, ,-0.1451, ,0.222926,
 ,0, ,0, ,0, ,1,
20197,-0.0676, ,0.1897, ,-0.9795, ,-0.167855,0.985848,0.523599,-0.672939,-0.151272,1.15192,1.05542,
 ,-0.7865, ,-0.6142, ,-0.0646, ,0.009627,
 ,-0.6138, ,0.766, ,0.1907, ,0.672979,
 ,0, ,0, ,0, ,1,
20545,0.6489, ,-0.5026, ,-0.5712, ,0.506309,-0.758925,-0.472749,1.22173,-0.250697,-0.119274,0.490911,
 ,0.7462, ,0.5669, ,0.349, ,0.514171,
 ,0.1484, ,-0.6527, ,0.7429, ,1.36776,
 ,0, ,0, ,0, ,1,
20557,0.6287, ,-0.4809, ,-0.6112, ,0.143617,-0.400047,0.0417009,0.373585,0.362652,-0.590533,0.303855,
 ,0.7741, ,0.3116, ,0.5511, ,0.400752,
 ,-0.0746, ,-0.8196, ,0.5681, ,1.21344,
 ,0, ,0, ,0, ,1,
20573,0.6674, ,-0.1736, ,-0.7242, ,0.632292,-1.45207,-0.376022,1.16735,-0.274324,0.670496,1.24301,
 ,0.602, ,0.6983, ,0.3874, ,0.195459,
 ,0.4384, ,-0.6945, ,0.5705, ,1.25997,
 ,0, ,0, ,0, ,1,
20717,0.757, ,0.5433, ,-0.363, ,0.6321,-0.891004,-0.67353,0.740526,1.05968,0.184907,1.4034,
 ,0.1194, ,0.4312, ,0.8943, ,0.489696,
 ,0.6424, ,-0.7203, ,0.2615, ,1.17636,
 ,0, ,0, ,0, ,1,
20877,0.3453, ,0.3187, ,-0.8827, ,-0.076268,0.0120137,-0.169856,-0.0754089,0.440073,0.118307,1.11288,
 ,-0.1034, ,0.9478, ,0.3017, ,0.583514,
 ,0.9328, ,-0.013, ,0.3602, ,0.778782,
 ,0, ,0, ,0, ,1,
20925,0.1423, ,0.9567, ,-0.2541, ,0.247269,-0.423722,-0.682111,1.18438,0.918443,0.718612,1.74533,
 ,-0.6139, ,0.2867, ,0.7355, ,0.608004,
 ,0.7765, ,0.0513, ,0.6281, ,1.14635,
 ,0, ,0, ,0, ,1,
21173,0.7609, ,-0.3116, ,-0.5692, ,0.330853,-0.305065,-0.499554,1.05999,-0.144943,-0.34525,0.445841,
 ,0.5888, ,0.7002, ,0.4038, ,0.704245,
 ,0.2727, ,-0.6424, ,0.7162, ,1.16291,
 ,0, ,0, ,0, ,1,
21197,0.7112, ,0.4298, ,-0.5564, ,0.046871,0.00322679,-1.5708,-0.698132,-0.470689,-0.295301,-0.664602,
 ,0.2508, ,-0.8944, ,-0.3703, ,0.03165,
 ,-0.6568, ,0.1238, ,-0.7438, ,-0.073717,
 ,0, ,0, ,0, ,1,
21237,0.8919, ,-0.0667, ,-0.4473, ,0.189184,-0.250003,-0.308501,0.0720741,1.13446,-0.320911,0.381674,
 ,0.4321, ,0.4171, ,0.7995, ,0.500543,
 ,0.1332, ,-0.9064, ,0.4008, ,1.0941,
 ,0, ,0, ,0, ,1,
